{"inputUnits":[34],"outputUnits":2,"inputs":{"0":{"dtype":"number","min":224.93822507342958,"max":371.39942006257354},"1":{"dtype":"number","min":72.64341981765548,"max":190.52949747269702},"2":{"dtype":"number","min":232.82193203031346,"max":376.8648503140703},"3":{"dtype":"number","min":67.57822784664239,"max":183.8403593500073},"4":{"dtype":"number","min":217.9602053617606,"max":361.52367832307965},"5":{"dtype":"number","min":67.74895111385432,"max":182.76021865381648},"6":{"dtype":"number","min":236.49378137808515,"max":378.88238464057235},"7":{"dtype":"number","min":75.15025521389289,"max":191.640407634069},"8":{"dtype":"number","min":204.4541173888698,"max":346.87218597656795},"9":{"dtype":"number","min":73.81205102298078,"max":187.14425009597022},"10":{"dtype":"number","min":229.80557719025347,"max":395.071654274145},"11":{"dtype":"number","min":118.14504139191028,"max":232.80548308208688},"12":{"dtype":"number","min":181.8577196089888,"max":343.5019661897686},"13":{"dtype":"number","min":113.95863774313433,"max":228.6680133107993},"14":{"dtype":"number","min":230.52859245497658,"max":429.9698988584822},"15":{"dtype":"number","min":180.22864371842493,"max":289.3207572160789},"16":{"dtype":"number","min":162.16328225820817,"max":410.81558792356293},"17":{"dtype":"number","min":179.68920704235214,"max":301.2235207427944},"18":{"dtype":"number","min":199.94932301624033,"max":479.35133059624553},"19":{"dtype":"number","min":209.5104889345365,"max":365.5736473339975},"20":{"dtype":"number","min":164.9826052874734,"max":466.43971485256156},"21":{"dtype":"number","min":195.52311885621572,"max":374.7743734877223},"22":{"dtype":"number","min":235.7587801261332,"max":384.40839196665985},"23":{"dtype":"number","min":231.91450893325197,"max":316.3460404353885},"24":{"dtype":"number","min":201.9350061786321,"max":349.61771910053676},"25":{"dtype":"number","min":233.94258577821228,"max":310.5277249601528},"26":{"dtype":"number","min":223.19613805468532,"max":388.3144185115611},"27":{"dtype":"number","min":312.9206922750168,"max":377.81971349612235},"28":{"dtype":"number","min":201.87597388300705,"max":352.1971157008069},"29":{"dtype":"number","min":311.7328839842907,"max":392.7768956773946},"30":{"dtype":"number","min":205.09990302525114,"max":382.7333234799468},"31":{"dtype":"number","min":390.6559143371823,"max":452.6300015463347},"32":{"dtype":"number","min":197.44641384280854,"max":369.99197407661205},"33":{"dtype":"number","min":383.00537343557426,"max":466.7598231048807}},"outputs":{"0":{"dtype":"string","min":0,"max":1,"uniqueValues":["neutral","squats"],"legend":{"neutral":[1,0],"squats":[0,1]}}},"isNormalized":true}